　门锁,magnet:?xt=urn:btih:3543082d2dfc427d106734b27d74da81ce3d994f&dn=[电影天堂www.dytt89.com]门锁-2021_HD国语中字.mp4&tr=http://t.t789.me:2710/announce&tr=http://t.t789.co:2710/announce&tr=http://t.t789.vip:2710/announce
　中国医生,magnet:?xt=urn:btih:d1703d65e06063d288bfb4e6c9ce6fd5fb4a324b&dn=[电影天堂www.dytt89.com]中国医生-2021_BD国语中字.mp4&tr=http://t.t789.me:2710/announce&tr=http://t.t789.co:2710/announce&tr=http://t.t789.vip:2710/announce
　The Matrix Resurrections,magnet:?xt=urn:btih:e51850260ec0bfa9c945bd4edec98b832413d4da&dn=[电影天堂www.dytt89.com]黑客帝国：矩阵重启-2021_HD中英双字.mp4&tr=http://t.t789.me:2710/announce&tr=http://t.t789.co:2710/announce&tr=http://t.t789.vip:2710/announce
　金刚川,magnet:?xt=urn:btih:9d04627ec0609d7b01ee4c2bad6e2947c47ca8ce&dn=[电影天堂www.dytt89.com]金刚川-2020_蓝光国语中字.mp4&tr=http://t.t789.me:2710/announce&tr=http://t.t789.co:2710/announce&tr=http://t.t789.vip:2710/announce
　Venom: Let There Be Carnage,magnet:?xt=urn:btih:8f8fc527d965652e93636216cc5110e80ac5cf6d&dn=[电影天堂www.dytt89.com]毒液2-2021_蓝光中英双字.mp4&tr=http://t.t789.me:2710/announce&tr=http://t.t789.co:2710/announce&tr=http://t.t789.vip:2710/announce
　No Time to Die,magnet:?xt=urn:btih:14dbb1c9461e6458de2b5240ad865b409f4f69a7&dn=[电影天堂www.dytt89.com]007：无暇赴死-2021_蓝光国英双语中英双字.mp4&tr=http://t.t789.me:2710/announce&tr=http://t.t789.co:2710/announce&tr=http://t.t789.vip:2710/announce
　Dune,magnet:?xt=urn:btih:a4cce13f0395d368a2fd206fe32b46b9d7eaa32b&dn=[电影天堂www.dytt89.com]沙丘-2021_蓝光中英双字v2.mp4&tr=http://t.t789.me:2710/announce&tr=http://t.t789.co:2710/announce&tr=http://t.t789.vip:2710/announce
　Shang-Chi and the Legend of the Ten Rings,magnet:?xt=urn:btih:a81bc37b0bedeeeea42572221c409db165642963&dn=[电影天堂www.dytt89.com]尚气与十环传奇-2021_蓝光特效中英双字V2.mp4&tr=http://t.t789.me:2710/announce&tr=http://t.t789.co:2710/announce&tr=http://t.t789.vip:2710/announce
　T-34,magnet:?xt=urn:btih:7a27b039e78b5b5f510c65851871bb9e86373e09&dn=[电影天堂www.dytt89.com]猎杀T34-2019_BD俄语中字.mp4&tr=http://t.t789.me:2710/announce&tr=http://t.t789.co:2710/announce&tr=http://t.t789.vip:2710/announce
　不速来客,magnet:?xt=urn:btih:00fb1e63627a6371ddc7da82f8fcc256f86042b3&dn=[电影天堂www.dytt89.com]不速来客-2021_HD国语中字.mp4&tr=http://t.t789.me:2710/announce&tr=http://t.t789.co:2710/announce&tr=http://t.t789.vip:2710/announce
　怒火,magnet:?xt=urn:btih:45b38416cabbeaa5320556c297d4a4d92eb775cd&dn=[电影天堂www.dytt89.com]怒火・重案-2021_BD国粤双语中字.mp4&tr=http://t.t789.me:2710/announce&tr=http://t.t789.co:2710/announce&tr=http://t.t789.vip:2710/announce
　Red Notice,magnet:?xt=urn:btih:09b6a2670b7c71708fa202b9c3524b45ed56a6af&dn=[电影天堂www.dytt89.com]红色通缉令-2021_BD中英双字.mp4&tr=http://t.t789.me:2710/announce&tr=http://t.t789.co:2710/announce&tr=http://t.t789.vip:2710/announce
　&#47784;&#44032;&#46356;&#49800;,magnet:?xt=urn:btih:1e859bb3a66680b1c4416b1d51b4db09276bb46f&dn=[电影天堂www.dytt89.com]摩加迪沙-2021_BD韩语中字V2.mp4&tr=http://t.t789.me:2710/announce&tr=http://t.t789.co:2710/announce&tr=http://t.t789.vip:2710/announce
　Finch,magnet:?xt=urn:btih:abaa46ecd9b262406808056d0039ce672cdf6a44&dn=[电影天堂www.dytt89.com]芬奇-2021_BD英语中字.mp4&tr=http://t.t789.me:2710/announce&tr=http://t.t789.co:2710/announce&tr=http://t.t789.vip:2710/announce
　HELLO WORLD,magnet:?xt=urn:btih:402989db7a00bc99e0622e7f4c18934d8fa8b539&dn=[电影天堂www.dytt89.com]你好世界-2019_BD国日语双语中字.mp4&tr=http://t.t789.me:2710/announce&tr=http://t.t789.co:2710/announce&tr=http://t.t789.vip:2710/announce
